psfMag_u,psfMag_g,psfMag_r,psfMag_i,psfMag_z,psfFlux_u,psfFlux_g,psfFlux_r,psfFlux_i,psfFlux_z,cModelFlux_u,cModelFlux_g,cModelFlux_r,cModelFlux_i,cModelFlux_z,spectroFlux_u,spectroFlux_g,spectroFlux_r,spectroFlux_i,spectroFlux_z,petromag_u,petromag_g,petromag_r,petromag_i,petromag_z,class
20.98598,18.90504,17.9738,17.57532,17.18423,4.027943,27.41454,64.63668,93.29758,133.7499,13.11765,99.56695,253.1074,376.5045,496.2917,9.153067,37.12858,106.4053,156.3156,204.0224,19.73064,17.60295,16.59526,16.15438,15.83597,GALAXY
22.72282,20.81518,19.29656,18.78081,18.44497,0.7904016,4.718143,19.11433,30.73695,41.86745,7.398387,14.21847,60.50537,94.9491,128.3203,0.1938418,5.883983,26.76239,43.84219,54.29025,20.99133,19.65289,18.07844,17.5656,17.32321,GALAXY
20.43171,18.93472,18.1743,17.79721,17.51266,6.716291,26.67504,53.73779,76.05217,98.83524,77.38847,238.3346,433.8098,609.9502,807.5699,13.27423,43.37154,97.50555,144.7277,172.6062,17.83295,16.58834,15.98295,15.62706,15.45809,GALAXY
22.92159,21.71533,19.90068,19.34756,18.83894,0.6493108,2.05608,10.95658,18.23613,29.11672,0.6746205,6.18247,27.17614,47.31636,70.44665,0.06484619,2.911035,15.84179,28.2278,36.04315,22.04778,20.61675,18.97029,18.35214,17.98928,GALAXY
23.76105,21.95191,20.26395,19.52794,18.98003,0.2504128,1.651785,7.840045,15.44423,25.56365,22.47449,8.036679,26.55247,54.21253,74.44408,0.4410681,2.08147,11.13807,24.32107,32.61684,20.59702,20.27439,19.0208,18.16189,17.83927,GALAXY
22.02669,20.78123,20.01846,19.74806,19.33599,1.533729,4.868091,9.829982,12.60918,18.40372,29.12182,78.3644,166.0773,223.1889,286.9857,4.066184,10.43397,23.88817,34.41565,40.68911,18.91648,17.76608,17.05088,16.72268,16.45042,GALAXY
21.27604,19.81763,19.10266,18.71419,18.35923,3.080991,11.82827,22.85189,32.6822,45.30996,12.54353,48.55418,98.58833,143.3515,201.1163,6.714743,20.05635,45.43177,66.79926,80.06384,19.80199,18.31008,17.53937,17.14138,16.80319,GALAXY
21.6249,19.60846,18.48918,18.1156,17.75143,2.230175,14.3416,40.20919,56.72247,79.32167,5.657941,43.6,119.849,181.7416,251.1025,4.129427,19.86271,60.22511,90.59266,118.7446,20.63614,18.48978,17.39501,16.91893,16.59176,GALAXY
21.32307,20.24173,19.53901,19.15334,18.93108,2.949828,8.003038,15.28868,21.80887,26.74462,21.15102,59.37064,94.97484,127.4838,136.4428,5.448803,14.93595,28.41888,39.97365,45.44107,19.15424,18.15125,17.5924,17.27516,17.25318,GALAXY